market,window,n_z,crit,flag_pct,n_entries,ratio_vs_nominal,median_episode_m,rho_12,ret_flag_12,ret_norm_12,diff_12,rho_24,ret_flag_24,ret_norm_24,diff_24,diff_24_lo,diff_24_hi,rho_36,ret_flag_36,ret_norm_36,diff_36,dd24_flag,dd24_base
new_york,12,657,2.32,4.71841704718417,24,2.074017442154575,2.0,0.07611296128264514,7.8414278660770345,5.812562433090533,2.0288654329865015,0.010300482222709639,3.2618728760148743,6.1895520157906,-2.9276791397757256,-6.998089302838801,1.5271756378880745,0.02370091101460299,3.6636170577574356,6.512667650948524,-2.8490505931910883,-11.881385462955972,-12.35852236278084
new_york,24,645,2.13,6.821705426356589,16,2.9985344445013484,3.0,0.07454623545132703,5.912926312009277,6.479757135822941,-0.5668308238136639,-0.07614600886812412,4.91071273003776,6.987494559777861,-2.076781829740101,-7.256346486874743,2.7097207488790818,-0.07494756181012167,6.623138723235374,7.027258900501159,-0.404120177265785,-10.335548039294334,-11.637923646126126
new_york,36,633,2.08,5.687203791469194,12,2.499855299487337,4.0,-0.07666653137491,-0.26672466322353805,7.970691252212291,-8.237415915435829,-0.23470186206046484,-2.7755805861024765,8.157177269398264,-10.932757855500741,-18.48021160482744,-3.996657691902402,-0.1407883393533852,-0.3347545603920494,7.936123374673893,-8.270877935065943,-16.100174657357954,-10.81476985888363
new_york,60,609,2.04,3.4482758620689653,9,1.5157168626201958,3.0,-0.23344506420229358,-13.75075209350783,8.507631083210194,-22.258383176718024,-0.27008221335913146,-10.484534181838082,8.326137794407583,-18.810671976245665,-28.607585984036,-5.798361765899472,-0.15579663600350616,-4.878573800192319,8.018657193381488,-12.897230993573807,-29.81720355699067,-10.71748663643114
new_york,84,585,2.03,4.273504273504273,6,1.87845252205067,5.0,-0.2308836610969161,0.4098303854255742,8.119230507627835,-7.70940012220226,-0.3231813560105375,-14.367845737185817,8.7177396458068,-23.08558538299262,-31.39346337032355,-14.675326639283332,-0.25250419717094363,-9.37984703471961,8.396870290825706,-17.776717325545317,-28.805941107248607,-11.100905544110628
new_york,120,549,2.02,6.0109289617486334,12,2.642151252327008,3.0,-0.15759464086392402,-2.838612542820695,8.510800721233663,-11.349413264054357,-0.2230084877535027,-10.501480321691583,9.160545595397322,-19.662025917088904,-27.984671032249825,-5.246584768851221,-0.12884580787653313,-6.406418297449529,8.621952159589412,-15.028370457038942,-28.29670595974897,-11.159313677039739
new_york,240,429,2.01,14.452214452214452,9,6.352584892753174,4.0,0.07219151068545238,3.238077230235808,9.64276873234804,-6.404691502112232,0.07559995736847905,0.5015843898962294,9.832751985696708,-9.331167595800478,-33.60972197065141,10.737316418866563,0.0619854366360021,-0.6685344622392347,9.80276437924016,-10.471298841479395,-22.846671232600535,-10.14638127200646
new_york,360,309,2.01,0.0,0,0.0,,-0.026094886833141866,,,,0.011421565832240405,,,,,,0.04908546798843064,,,,,-9.923250493120708
london,12,454,2.32,3.524229074889868,13,1.5491026965986143,2.0,0.04678996099221074,1.0882064563217295,1.5851592289062812,-0.4969527725845517,0.07253023240720861,4.594649063638113,1.3012804128472335,3.2933686507908795,-0.08556167410461477,6.694458616119915,0.043197425250581865,3.267645371722403,1.2711106734090172,1.9965346983133858,-5.948398391559003,-10.233452190867595
london,24,442,2.13,2.7149321266968327,7,1.1933698375380726,3.0,0.047596594847444676,,,,0.15129339243659143,,,,,,0.07677404229128366,,,,,-10.222949313065923
london,36,430,2.08,6.744186046511628,14,2.964460189450197,2.5,0.1257688622485894,4.888333631612972,1.4363626521343573,3.451970979478615,0.1771865013244324,4.931569416788515,1.2650670788295029,3.6665023379590123,-0.7270692812608129,7.567421072858716,0.13400377583748496,3.308768133604628,1.1760242808049883,2.1327438527996394,-5.292946300906398,-10.243109012058696
london,60,406,2.04,5.172413793103448,6,2.2735752939302936,4.0,0.1405756361854526,3.9263395493028397,1.3346337650642401,2.5917057842385995,0.21075609947482524,6.876064733508631,0.9277798682418589,5.948284865266772,1.3412498483461324,10.484955094871935,0.15466628287613102,4.689042644952346,0.8471828005613704,3.841859844390976,-6.870120168140397,-10.491337259670075
london,84,382,2.03,6.282722513089005,7,2.761620252313236,5.0,0.1686732159810853,7.947859414226991,0.9064046891634873,7.041454725063503,0.12077858952049408,5.053750574589022,0.6365754658214295,4.417175108767593,-0.6925892661027436,9.305825787522506,-0.05395893281224991,-2.3325667415233795,0.6479420928175561,-2.9805088343409354,-5.96729392411515,-10.937788432907759
london,120,346,2.02,5.780346820809249,2,2.540797052947149,10.5,-0.09125999714971027,,,,-0.25905424938640315,,,,,,-0.4257736225646334,,,,,-12.23004642038659
london,240,226,2.01,0.0,0,0.0,,-0.3367859405946656,,,,-0.46896013033403916,,,,,,-0.6076998779671694,,,,,-9.768541651383606
london,360,106,2.01,0.0,0,0.0,,-0.17724235090127516,,,,-0.4436717057933632,,,,,,-0.7077421048027294,,,,,-10.815064948741758
asia,12,430,2.32,6.744186046511628,21,2.964460189450197,2.0,0.11346608043183705,7.136817232387798,1.4980454602428472,5.638771772144951,0.039349604866846244,1.577289819798577,1.8506796572103288,-0.2733898374117518,-3.7921268117962064,3.4387248528358,0.043313240986034104,2.8101872360415174,1.7175598573144317,1.0926273787270857,-10.88137239121356,-15.169059341973847
asia,24,418,2.13,10.526315789473683,18,4.626925159577439,3.0,0.027039578763716696,5.093092084542248,2.5663593813994234,2.526732703142825,-0.025127026177276007,2.458226996840173,2.293969877282391,0.164257119557782,-5.029203969844512,5.32594622701452,0.0009298815092647478,0.310770676146512,2.321780941740662,-2.01101026559415,-10.90518946513016,-14.523485631170585
asia,36,406,2.08,8.12807881773399,11,3.5727611761761757,3.0,-0.054057455709445916,5.814866337279404,2.6084710705293626,3.2063952667500413,-0.09039440689027238,2.8393309944111094,2.2658882761358754,0.573442718275234,-7.489907788714992,7.985524841248476,0.008014944140116711,0.9372823630639219,2.382292966869834,-1.4450106038059123,-10.144409801989749,-14.593191924482468
asia,60,382,2.04,5.7591623036649215,10,2.531485231287133,3.0,-0.03261733892198688,3.339281852367662,3.3725128648899685,-0.033231012522306536,0.03669606838393688,8.645768161559818,2.285425583987817,6.360342577572002,-6.805989011540543,15.760743263024265,0.05115777138333599,0.7592375236040485,2.482398105139142,-1.7231605815350937,-7.578239282201994,-14.216468786658018
asia,84,358,2.03,7.82122905027933,6,3.4378829397977624,4.5,-0.04188111504708075,7.655955868647288,3.1222692392065565,4.533686629440732,0.023852738250807786,7.613291903501452,2.904538953916595,4.708752949584857,-8.864437464964404,13.11056504139763,-0.055326247353450674,-2.2251183187705035,3.450137710868096,-5.6752560296386,-6.5790927453853385,-13.915295061131893
asia,120,322,2.02,8.695652173913043,7,3.822242523129189,3.0,-0.09010284756747831,0.473973028210274,4.248980425632992,-3.7750073974227183,-0.1701364161241605,-7.384557863498538,4.79940047163275,-12.183958335131287,-21.339348866347617,1.777589969494608,-0.36535915945415304,-13.897281446349403,5.518883401118782,-19.416164847468185,-19.653175023257635,-12.95770669146257
asia,240,202,2.01,8.91089108910891,7,3.916852486572981,2.0,-0.27901079050155936,-4.505363157943533,11.384892234619162,-15.890255392562695,-0.39874820332174027,4.60345482183262,10.031029952653975,-5.427575130821356,-9.91667396298691,1.426819998257411,-0.6858130398567597,4.831432895961139,10.44698260949103,-5.615549713529892,-12.45248118106096,-6.8620402381698415
asia,360,82,2.01,15.853658536585366,3,6.9686006976562656,6.0,-0.7399702563205318,,,,-0.6010335599372482,,,,,,-0.7201356768424297,,,,,-5.926448682252236
turkey,12,340,2.32,5.88235294117647,16,2.585634647999157,2.0,0.09285955732873746,12.383942194737418,1.3472268431618464,11.036715351575571,0.013375850679688082,2.6744860480582062,0.848194733276768,1.8262913147814381,-5.004090014328401,7.116654830182548,0.017146481688721075,-0.5035597352727557,1.3646926864641473,-1.868252421736903,-19.149828001402504,-20.10808835880018
turkey,24,328,2.13,8.841463414634147,12,3.886335004462148,3.0,0.03969134992574677,0.7465053144954058,-0.2330912496807615,0.9795965641761673,-0.006034990902023765,0.7913566795882979,0.22838585261542843,0.5629708269728695,-7.998648869157643,8.390690658787262,-0.007714727630013116,-1.637694058759843,1.8318673188607035,-3.4695613776205465,-18.428976439716767,-20.290535335442716
turkey,36,316,2.08,6.329113924050633,6,2.782011963037068,4.5,0.05566979044755209,4.5119620684492245,0.4666682015639196,4.045293866885305,0.06372338030965913,10.328643144889535,1.2079456828855126,9.120697462004022,-8.800076597971028,23.384640536184683,0.0075946668415960115,5.605005609106392,2.9228623990912137,2.6821432100151785,-16.01064191149044,-18.92230349621955
turkey,60,292,2.04,3.4246575342465753,5,1.5053352402734819,2.0,-0.031381777828798835,,,,-0.10968942929976488,,,,,,-0.18875243190661473,,,,,-16.350080494704134
turkey,84,268,2.03,4.104477611940299,3,1.804155519312845,4.0,-0.18693780041199357,,,,-0.32330644461792,,,,,,-0.32604379489091634,,,,,-17.328511892279575
turkey,120,232,2.02,6.0344827586206895,2,2.652504509585343,8.0,-0.3484467184708925,0.7693003846767796,-0.007704679841265339,0.777005064518045,-0.37998538456204356,-10.630947144490635,2.5181550100971566,-13.149102154587792,-19.314492279440856,-7.051300766598984,-0.17868020304568527,-6.973321287561857,2.584329395235736,-9.557650682797593,-21.594228633411856,-17.670208155505044
turkey,240,112,2.01,0.0,0,0.0,,-0.46648664866486644,,,,-0.6615124511288789,,,,,,-0.7388653451811348,,,,,-16.17363679113157
